{
  "role": "baseline",
  "machine": "M5",
  "model": "mistralai/Mistral-7B-v0.1",
  "prompt": "The development of artificial intelligence has been one of the most transformative technological achievements in human history. From the early days of symbolic AI in the 1950s, when researchers at Dar",
  "prompt_tokens": 871,
  "max_new_tokens": 256,
  "dtype": "float16",
  "num_runs": 3,
  "warmup": true,
  "load_time_s": 24.297891458,
  "averaged": {
    "prefill_time_ms": 1349.849847333336,
    "decode_time_ms": 41465.83355599999,
    "tokens_per_sec": 5.758178299485691,
    "ttft_ms": 1520.7752503333343,
    "total_e2e_ms": 42817.05419466666,
    "avg_token_latency_ms": 173.34284277120355,
    "generated_tokens": 238.33333333333334
  },
  "all_runs": [
    {
      "prefill_time_ms": 1456.7472920000027,
      "decode_time_ms": 34648.402167,
      "generated_tokens": 203,
      "tokens_per_sec": 5.858856030981488,
      "ttft_ms": 1633.2353760000017,
      "total_e2e_ms": 36107.01,
      "avg_token_latency_ms": 170.29939418811924,
      "per_token_times_ms": [
        176.48808399999893,
        173.35725000000224,
        172.1888749999998,
        176.27674999999954,
        174.23900000000003,
        173.10029200000088,
        192.45749999999973,
        175.1664580000032,
        177.6096659999986,
        190.509291999998
      ],
      "generated_text": "\n\nIn this blog post, we present our initial exploration of this idea, focusing on the prefill phase. We introduce a novel hardware architecture, the Prefill Processor, designed specifically for the prefill phase of language model inference. We demonstrate that the Prefill Processor can achieve up to 10x higher throughput than a single GPU, while consuming only 1/10th of the power. We also show that the Prefill Processor can be integrated into a larger system, where it acts as a prefill accelerat",
      "prompt_tokens": 871
    },
    {
      "prefill_time_ms": 1312.1949169999994,
      "decode_time_ms": 45911.32070899999,
      "generated_tokens": 256,
      "tokens_per_sec": 5.575966799618037,
      "ttft_ms": 1490.149791999997,
      "total_e2e_ms": 47225.24066699999,
      "avg_token_latency_ms": 178.80258822352974,
      "per_token_times_ms": [
        177.95487499999751,
        176.48737499999356,
        174.69616600000393,
        174.85849999999914,
        173.13208299999872,
        198.92224999999542,
        239.31037499998808,
        235.4722919999972,
        194.32245800000203,
        171.68649999999275
      ],
      "generated_text": "\n\nIn this blog post, we present our initial exploration of this idea, focusing on the prefill phase. We introduce a novel hardware architecture, the Prefill Processor, designed specifically for the prefill phase of language model inference. We demonstrate that the Prefill Processor can achieve up to 10x higher throughput than a single GPU, while consuming only 1/10th of the power. We also show that the Prefill Processor can be integrated into a larger system, where it acts as a prefill accelerat",
      "prompt_tokens": 871
    },
    {
      "prefill_time_ms": 1280.607333000006,
      "decode_time_ms": 43837.77779199999,
      "generated_tokens": 256,
      "tokens_per_sec": 5.8397120678575485,
      "ttft_ms": 1438.9405830000044,
      "total_e2e_ms": 45118.911917000005,
      "avg_token_latency_ms": 170.92654590196173,
      "per_token_times_ms": [
        158.33324999999832,
        156.191457999995,
        157.59558400000628,
        155.24708400000975,
        157.60683300000267,
        172.15291700000535,
        171.03099999999927,
        171.64904199999853,
        169.69191699999442,
        172.6489169999894
      ],
      "generated_text": "\n\nIn this blog post, we present our initial exploration of this idea, focusing on the prefill phase. We introduce a novel hardware architecture, the Prefill Processor, designed specifically for the prefill phase of language model inference. We demonstrate that the Prefill Processor can achieve up to 10x higher throughput than a single GPU, while consuming only 1/10th of the power. We also show that the Prefill Processor can be integrated into a larger system, where it acts as a prefill accelerat",
      "prompt_tokens": 871
    }
  ],
  "generated_text": "\n\nIn this blog post, we present our initial exploration of this idea, focusing on the prefill phase. We introduce a novel hardware architecture, the Prefill Processor, designed specifically for the prefill phase of language model inference. We demonstrate that the Prefill Processor can achieve up to 10x higher throughput than a single GPU, while consuming only 1/10th of the power. We also show that the Prefill Processor can be integrated into a larger system, where it acts as a prefill accelerat"
}