{
  "role": "baseline",
  "machine": "M5",
  "model": "mistralai/Mistral-7B-v0.1",
  "prompt": "Explain the theory of general relativity in simple terms. Start with",
  "max_new_tokens": 128,
  "dtype": "float16",
  "num_runs": 3,
  "load_time_s": 27.979132917,
  "averaged": {
    "prefill_time_ms": 184.19170833333473,
    "decode_time_ms": 17549.76008333333,
    "tokens_per_sec": 7.306956877681537,
    "ttft_ms": 310.127347333335,
    "total_e2e_ms": 17734.37206933333,
    "avg_token_latency_ms": 137.07419890551213,
    "generated_tokens": 128.0
  },
  "all_runs": [
    {
      "prefill_time_ms": 213.9108750000034,
      "decode_time_ms": 18362.929707999996,
      "generated_tokens": 128,
      "tokens_per_sec": 6.97056526575035,
      "ttft_ms": 343.6430420000036,
      "total_e2e_ms": 18577.409750000003,
      "avg_token_latency_ms": 143.57200127559094,
      "per_token_times_ms": [
        129.73216700000023,
        138.43191699999835,
        147.71250000000435,
        146.2982079999975,
        149.10079100000218,
        145.9186250000002,
        145.81758300000303,
        154.2132080000016,
        163.8403330000031,
        160.10225000000133
      ],
      "generated_text": "the basics and work your way up to the more complex concepts.\n\n## Introduction\n\nGeneral relativity is a theory of gravitation that was developed by Albert Einstein in 1915. It is based on the principle of equivalence, which states that the effects of gravity can be explained by the curvature of spacetime.\n\nIn general relativity, spacetime is not a flat, Euclidean space, but rather a curved, four-dimensional manifold. The curvature of spacetime is determined by the distribution of mass and energy",
      "prompt_tokens": 15
    },
    {
      "prefill_time_ms": 169.48670800000087,
      "decode_time_ms": 16560.870792,
      "generated_tokens": 128,
      "tokens_per_sec": 7.729062173580418,
      "ttft_ms": 295.4213330000002,
      "total_e2e_ms": 16730.660375,
      "avg_token_latency_ms": 129.38619162204725,
      "per_token_times_ms": [
        125.9346249999993,
        122.57233400000445,
        123.66345799999579,
        126.81212500000072,
        122.71558399999805,
        121.54620900000168,
        122.00929200000132,
        122.05845799999793,
        123.41195800000548,
        132.8417500000043
      ],
      "generated_text": "the basics and work your way up to the more complex concepts.\n\n## Introduction\n\nGeneral relativity is a theory of gravitation that was developed by Albert Einstein in 1915. It is based on the principle of equivalence, which states that the effects of gravity can be explained by the curvature of spacetime.\n\nIn general relativity, spacetime is not a flat, Euclidean space, but rather a curved, four-dimensional manifold. The curvature of spacetime is determined by the distribution of mass and energy",
      "prompt_tokens": 15
    },
    {
      "prefill_time_ms": 169.1775419999999,
      "decode_time_ms": 17725.47974999999,
      "generated_tokens": 128,
      "tokens_per_sec": 7.2212431937138435,
      "ttft_ms": 291.3176670000013,
      "total_e2e_ms": 17895.046082999997,
      "avg_token_latency_ms": 138.26440381889824,
      "per_token_times_ms": [
        122.14012500000138,
        123.52395799999272,
        123.13795900000457,
        122.28441699998882,
        128.2405409999967,
        129.65245800000957,
        132.1439999999967,
        129.64325000000088,
        129.96074999999507,
        131.45829100000128
      ],
      "generated_text": "the basics and work your way up to the more complex concepts.\n\n## Introduction\n\nGeneral relativity is a theory of gravitation that was developed by Albert Einstein in 1915. It is based on the principle of equivalence, which states that the effects of gravity can be explained by the curvature of spacetime.\n\nIn general relativity, spacetime is not a flat, Euclidean space, but rather a curved, four-dimensional manifold. The curvature of spacetime is determined by the distribution of mass and energy",
      "prompt_tokens": 15
    }
  ],
  "generated_text": "the basics and work your way up to the more complex concepts.\n\n## Introduction\n\nGeneral relativity is a theory of gravitation that was developed by Albert Einstein in 1915. It is based on the principle of equivalence, which states that the effects of gravity can be explained by the curvature of spacetime.\n\nIn general relativity, spacetime is not a flat, Euclidean space, but rather a curved, four-dimensional manifold. The curvature of spacetime is determined by the distribution of mass and energy"
}