{
  "role": "ray_disaggregated",
  "transport": "ray_object_store",
  "prefill_machine": "M5",
  "decode_machine": "M4_Pro",
  "decode_hostname": "Rohits-MacBook-Pro.local",
  "model": "mistralai/Mistral-7B-v0.1",
  "prompt_tokens": 871,
  "max_new_tokens": 256,
  "dtype": "float16",
  "num_runs": 3,
  "warmup": true,
  "ray_version": "2.51.2",
  "averaged": {
    "prefill_time_ms": 3619.618902666664,
    "mps_to_cpu_ms": 122.38277766667238,
    "ray_put_ms": 105.34630533333218,
    "ray_overhead_ms": 1260.7420836666777,
    "ray_deser_ms": 12.283972333335745,
    "to_mps_time_ms": 1423.5922776666619,
    "decode_time_ms": 30094.65798599999,
    "tokens_per_sec": 8.787813020889102,
    "ttft_ms": 6641.842097333346,
    "total_e2e_ms": 36638.62430533334,
    "avg_token_latency_ms": 116.94612937499967,
    "generated_tokens": 256.0,
    "total_transfer_overhead_ms": 2924.3474166666797
  },
  "all_runs": [
    {
      "run": 1,
      "prompt_tokens": 871,
      "generated_tokens": 256,
      "prefill_time_ms": 1491.7190830000068,
      "mps_to_cpu_ms": 45.49220799999887,
      "ray_put_ms": 124.22654199998817,
      "ray_overhead_ms": 276.27825000000666,
      "ray_deser_ms": 18.91749999998501,
      "to_mps_time_ms": 818.2968750000015,
      "decode_time_ms": 23015.666000000012,
      "tokens_per_sec": 11.12285866505014,
      "ttft_ms": 2873.1243329999934,
      "total_e2e_ms": 25790.596457999996,
      "avg_token_latency_ms": 89.32388886328134,
      "kv_size_mb": 108.875,
      "remote_total_ms": 24129.158625000004,
      "worker_total_ms": 23852.880374999997
    },
    {
      "run": 2,
      "prompt_tokens": 871,
      "generated_tokens": 256,
      "prefill_time_ms": 6749.408207999992,
      "mps_to_cpu_ms": 305.9965000000062,
      "ray_put_ms": 145.00420800000313,
      "ray_overhead_ms": 909.6921670000229,
      "ray_deser_ms": 12.16924999999901,
      "to_mps_time_ms": 1371.9427500000024,
      "decode_time_ms": 34788.71787499999,
      "tokens_per_sec": 7.358707524658958,
      "ttft_ms": 9590.591542000033,
      "total_e2e_ms": 44282.93095800001,
      "avg_token_latency_ms": 135.2270651562504,
      "kv_size_mb": 108.875,
      "remote_total_ms": 37082.52204200001,
      "worker_total_ms": 36172.82987499999
    },
    {
      "run": 3,
      "prompt_tokens": 871,
      "generated_tokens": 256,
      "prefill_time_ms": 2617.7294169999923,
      "mps_to_cpu_ms": 15.659625000012056,
      "ray_put_ms": 46.80816600000526,
      "ray_overhead_ms": 2596.2558340000032,
      "ray_deser_ms": 5.765167000023212,
      "to_mps_time_ms": 2080.5372079999815,
      "decode_time_ms": 32479.590082999977,
      "tokens_per_sec": 7.881872872958209,
      "ttft_ms": 7461.810417000011,
      "total_e2e_ms": 39842.345499999996,
      "avg_token_latency_ms": 126.28743410546728,
      "kv_size_mb": 108.875,
      "remote_total_ms": 37162.14829199998,
      "worker_total_ms": 34565.89245799998
    }
  ]
}